{
  "project_info": {
    "project_number": "208266541271",
    "project_id": "nsuemsort-31cd6",
    "storage_bucket": "nsuemsort-31cd6.appspot.com"
  },
  "client": [
    {
      "client_info": {
        "mobilesdk_app_id": "1:208266541271:android:95f4b194559653371e9892",
        "android_client_info": {
          "package_name": "com.nsuemsort.cleanapp"
        }
      },
      "oauth_client": [
        {
          "client_id": "208266541271-0v65pgbhtk3odnbkk29jgdc3gmbro5nk.apps.googleusercontent.com",
          "client_type": 3
        }
      ],
      "api_key": [
        {
          "current_key": "AIzaSyDHXJzHzciJdZc5RHt0OYWMhNTFc_PbN6k"
        }
      ],
      "services": {
        "appinvite_service": {
          "other_platform_oauth_client": [
            {
              "client_id": "208266541271-0v65pgbhtk3odnbkk29jgdc3gmbro5nk.apps.googleusercontent.com",
              "client_type": 3
            }
          ]
        }
      }
    }
  ],
  "configuration_version": "1"
}